epoch,train_loss,eval_loss,eval_map
0,38.257688786824545,5.184749603271484,0.0
