epoch,train_loss,eval_loss,eval_map
0,24.515205193307665,5.192133903503418,0.0
